id;google_id;last_name;first_name;password;email;phone_number;birth;gender;credit_score;average_rating;is_super_user;status
1;Forward TCP copying;Hauck;Grace;Outdoors asynchronous;Virginia_Nitzsche@hotmail.com;Engineer Administrator;2022-06-01T22:22:29;true;71096;50710;false;Architect
2;AI applications;Mitchell;Ewell;deposit Specialist responsive;Meghan30@yahoo.com;Pants payment;2022-06-02T12:06:45;true;50583;39694;false;SQL grow
3;Beauty;Murazik;Eliza;hack Savings Berkshire;Ariane_Emard36@yahoo.com;expedite;2022-06-02T13:03:55;true;378;19427;true;Executive haptic
4;streamline;Larson;Katelynn;capacity Engineer;Leif62@gmail.com;orange Brook Beauty;2022-06-02T04:28:24;true;74074;1329;true;demand-driven well-modulated
5;Gorgeous invoice;Abshire;Ocie;methodologies RSS;Georgianna3@hotmail.com;user bluetooth;2022-06-02T11:27:11;false;42427;31761;false;Pound Savings
6;mobile;Hegmann;Merritt;Road payment blue;Dante94@gmail.com;Fish;2022-06-02T10:15:11;true;95926;56744;true;access bleeding-edge
7;index expedite;Spencer;Mckenna;navigate user-centric payment;Marilyne.Deckow@yahoo.com;Kazakhstan Assistant auxiliary;2022-06-02T12:26:26;false;38235;35271;true;Cambridgeshire
8;compress Chips Massachusetts;Mitchell;Raquel;Gold Cross-group;Fern_Kuhic99@hotmail.com;seize;2022-06-02T08:04:20;false;15081;74202;true;Niue
9;Associate blue Louisiana;Rogahn;Carlie;Metal Grocery Cotton;Mikel_Kuhic91@yahoo.com;whiteboard;2022-06-02T04:59:14;false;32756;56159;true;holistic Bulgaria Switzerland
10;Global Account interface;Parker;Cletus;strategic application Turkish;Travon.Treutel@gmail.com;SDD Pizza;2022-06-01T22:58:11;false;68568;78032;true;Buckinghamshire Fish XML
